t_us,action_code,action
5000000,0,None
5100000,0,None
5200000,0,None
5300000,0,None
5400000,0,None
5500000,0,None
5600000,0,None
5700000,0,None
5800000,0,None
5900000,0,None
6000000,0,None
6100000,0,None
6200000,0,None
6300000,0,None
6400000,0,None
6500000,0,None
6600000,0,None
6700000,0,None
6800000,0,None
6900000,0,None
7000000,0,None
7100000,0,None
7200000,0,None
7300000,0,None
7400000,0,None
7500000,0,None
7600000,0,None
7700000,0,None
7800000,0,None
7900000,0,None
8000000,0,None
8100000,0,None
8200000,0,None
8300000,0,None
8400000,0,None
8500000,0,None
8600000,0,None
8700000,0,None
8800000,0,None
8900000,0,None
9000000,0,None
9100000,0,None
9200000,0,None
9300000,0,None
9400000,0,None
9500000,0,None
9600000,0,None
9700000,0,None
9800000,0,None
9900000,0,None
10000000,0,None
10100000,0,None
10200000,0,None
10300000,0,None
10400000,0,None
10500000,0,None
10600000,0,None
10700000,0,None
10800000,0,None
10900000,0,None
11000000,0,None
11100000,0,None
11200000,0,None
11300000,0,None
11400000,0,None
11500000,0,None
11600000,0,None
11700000,0,None
11800000,0,None
11900000,0,None
12000000,0,None
12100000,0,None
12200000,0,None
12300000,0,None
12400000,0,None
12500000,0,None
12600000,0,None
12700000,0,None
12800000,0,None
12900000,0,None
13000000,0,None
13100000,0,None
13200000,0,None
13300000,0,None
13400000,0,None
13500000,0,None
13600000,0,None
13700000,0,None
13800000,0,None
13900000,0,None
14000000,0,None
14100000,0,None
14200000,0,None
14300000,0,None
14400000,0,None
14500000,0,None
14600000,0,None
14700000,0,None
14800000,0,None
14900000,0,None
15000000,0,None
15100000,0,None
15200000,0,None
15300000,0,None
15400000,0,None
15500000,0,None
15600000,0,None
15700000,0,None
15800000,0,None
15900000,0,None
16000000,0,None
16100000,0,None
16200000,0,None
16300000,0,None
16400000,0,None
16500000,0,None
16600000,0,None
16700000,0,None
16800000,0,None
16900000,0,None
17000000,0,None
17100000,0,None
17200000,0,None
17300000,0,None
17400000,0,None
17500000,0,None
17600000,0,None
17700000,0,None
17800000,0,None
17900000,0,None
18000000,0,None
18100000,0,None
18200000,0,None
18300000,0,None
18400000,0,None
18500000,0,None
18600000,0,None
18700000,0,None
18800000,0,None
18900000,0,None
19000000,0,None
19100000,0,None
19200000,0,None
19300000,0,None
19400000,0,None
19500000,0,None
19600000,0,None
19700000,0,None
19800000,0,None
19900000,0,None
20000000,0,None
20100000,0,None
20200000,0,None
20300000,0,None
20400000,0,None
20500000,0,None
20600000,0,None
20700000,0,None
20800000,0,None
20900000,0,None
21000000,0,None
21100000,0,None
21200000,0,None
21300000,0,None
21400000,0,None
21500000,0,None
21600000,0,None
21700000,0,None
21800000,0,None
21900000,0,None
22000000,0,None
22100000,0,None
22200000,0,None
22300000,0,None
22400000,0,None
22500000,0,None
22600000,0,None
22700000,0,None
22800000,0,None
22900000,0,None
23000000,0,None
23100000,0,None
23200000,0,None
23300000,0,None
23400000,0,None
23500000,0,None
23600000,0,None
23700000,0,None
23800000,0,None
23900000,0,None
24000000,0,None
24100000,0,None
24200000,0,None
24300000,0,None
24400000,0,None
24500000,0,None
24600000,0,None
24700000,0,None
24800000,0,None
24900000,0,None
25000000,0,None
25100000,0,None
25200000,0,None
25300000,0,None
25400000,0,None
25500000,0,None
25600000,0,None
25700000,0,None
25800000,0,None
25900000,0,None
26000000,0,None
26100000,0,None
26200000,0,None
26300000,0,None
26400000,0,None
26500000,0,None
26600000,0,None
26700000,0,None
26800000,0,None
26900000,0,None
27000000,0,None
27100000,0,None
27200000,0,None
27300000,0,None
27400000,0,None
27500000,0,None
27600000,0,None
27700000,0,None
27800000,0,None
27900000,0,None
28000000,0,None
28100000,0,None
28200000,0,None
28300000,0,None
28400000,0,None
28500000,0,None
28600000,0,None
28700000,0,None
28800000,0,None
28900000,0,None
29000000,0,None
29100000,0,None
29200000,0,None
29300000,0,None
29400000,0,None
29500000,0,None
29600000,0,None
29700000,0,None
29800000,0,None
29900000,0,None
30000000,0,None
30100000,0,None
30200000,0,None
30300000,0,None
30400000,0,None
30500000,0,None
30600000,0,None
30700000,0,None
30800000,0,None
30900000,0,None
31000000,0,None
31100000,0,None
31200000,0,None
31300000,0,None
31400000,0,None
31500000,0,None
31600000,0,None
31700000,0,None
31800000,0,None
31900000,0,None
32000000,0,None
32100000,0,None
32200000,0,None
32300000,0,None
32400000,0,None
32500000,0,None
32600000,0,None
32700000,0,None
32800000,0,None
32900000,0,None
33000000,0,None
33100000,0,None
33200000,0,None
33300000,0,None
33400000,0,None
33500000,0,None
33600000,0,None
33700000,0,None
33800000,0,None
33900000,0,None
34000000,0,None
34100000,0,None
34200000,0,None
34300000,0,None
34400000,0,None
34500000,0,None
34600000,0,None
34700000,0,None
34800000,0,None
34900000,0,None
35000000,0,None
