t_us,action
5000000,None
5010000,Hold
5020000,Hold
5030000,Hold
5040000,Hold
5050000,Hold
5060000,Hold
5070000,Hold
5080000,Hold
5090000,Hold
5100000,Hold
5110000,Hold
5120000,Hold
5130000,Hold
5140000,Hold
5150000,Hold
5160000,Hold
5170000,Hold
5180000,Hold
5190000,Hold
5200000,Hold
5210000,Hold
5220000,Hold
5230000,Hold
5240000,Hold
5250000,Hold
5260000,Hold
5270000,Hold
5280000,Hold
5290000,Hold
5300000,Hold
5310000,Hold
5320000,Hold
5330000,Hold
5340000,Hold
5350000,Hold
5360000,Hold
5370000,Hold
5380000,Hold
5390000,Hold
5400000,Hold
5410000,Hold
5420000,Hold
5430000,Hold
5440000,Hold
5450000,Hold
5460000,Hold
5470000,Hold
5480000,Hold
5490000,Hold
5500000,Hold
5510000,Hold
5520000,Hold
5530000,Hold
5540000,Hold
5550000,Hold
