split,sequence,classification,resolved_in_development
directed,arming-02.seq,adapter,True
directed,arming-03.seq,adapter,True
directed,arming-04.seq,adapter,True
directed,clear_reassert-01.seq,adapter,True
directed,clear_reassert-04.seq,adapter_and_model,True
directed,clear_reassert-07.seq,adapter,True
directed,clear_reassert-08.seq,adapter,True
directed,position-ALTCTL.seq,adapter,True
directed,position-AUTO_LOITER.seq,model,True
directed,position-OFFBOARD.seq,adapter,True
directed,position-POSCTL.seq,adapter,True
development,arming-0003.seq,adapter,True
development,arming-0005.seq,model,True
development,arming-0006.seq,adapter,True
development,arming-0008.seq,adapter,True
development,arming-0013.seq,adapter_and_model,True
development,arming-0014.seq,adapter,True
development,arming-0016.seq,adapter,True
development,arming-0019.seq,model,True
development,arming-0020.seq,adapter,True
development,arming-0021.seq,adapter,True
development,arming-0034.seq,adapter,True
development,arming-0043.seq,adapter,True
development,arming-0044.seq,adapter,True
development,arming-0046.seq,adapter,True
development,arming-0047.seq,adapter,True
development,arming-0049.seq,adapter,True
development,arming-0057.seq,adapter,True
development,arming-0061.seq,adapter,True
development,arming-0071.seq,adapter,True
development,arming-0078.seq,adapter,True
development,arming-0081.seq,adapter,True
development,arming-0084.seq,adapter,True
development,arming-0086.seq,adapter,True
development,arming-0091.seq,adapter,True
development,arming-0094.seq,adapter,True
development,arming-0100.seq,adapter,True
development,arming-0102.seq,model,True
development,arming-0107.seq,adapter,True
development,arming-0109.seq,adapter,True
development,arming-0119.seq,adapter,True
development,arming-0120.seq,adapter,True
development,arming-0121.seq,adapter,True
development,arming-0123.seq,adapter,True
development,arming-0127.seq,adapter,True
development,arming-0128.seq,adapter,True
development,arming-0131.seq,model,True
development,arming-0133.seq,adapter,True
development,arming-0134.seq,model,True
development,arming-0136.seq,adapter,True
development,arming-0143.seq,adapter,True
development,arming-0146.seq,adapter,True
development,arming-0148.seq,model,True
development,arming-0149.seq,adapter,True
development,arming-0154.seq,adapter,True
development,arming-0159.seq,model,True
development,arming-0170.seq,adapter,True
development,arming-0171.seq,adapter,True
development,arming-0172.seq,model,True
development,arming-0177.seq,adapter,True
development,arming-0179.seq,adapter,True
development,arming-0181.seq,adapter,True
development,arming-0185.seq,model,True
development,arming-0190.seq,adapter,True
development,arming-0193.seq,adapter,True
development,arming-0198.seq,adapter,True
development,arming-0200.seq,adapter,True
development,arming-0201.seq,model,True
development,arming-0205.seq,adapter,True
development,arming-0208.seq,adapter,True
development,arming-0210.seq,adapter,True
development,arming-0213.seq,adapter,True
development,arming-0218.seq,adapter,True
development,arming-0226.seq,adapter,True
development,arming-0229.seq,adapter,True
development,arming-0232.seq,adapter,True
development,arming-0234.seq,adapter,True
development,arming-0241.seq,model,True
development,arming-0244.seq,adapter,True
development,arming-0248.seq,adapter,True
development,arming-0249.seq,adapter,True
development,arming-0256.seq,adapter,True
development,arming-0258.seq,adapter,True
development,arming-0259.seq,adapter,True
development,arming-0263.seq,adapter,True
development,arming-0266.seq,model,True
development,arming-0268.seq,adapter,True
development,arming-0269.seq,model,True
development,arming-0271.seq,adapter,True
development,arming-0274.seq,adapter,True
development,arming-0275.seq,adapter,True
development,arming-0278.seq,adapter,True
development,arming-0287.seq,adapter,True
development,clear_reassert-0003.seq,adapter,True
development,clear_reassert-0004.seq,model,True
development,clear_reassert-0005.seq,model,True
development,clear_reassert-0007.seq,model,True
development,clear_reassert-0009.seq,adapter,True
development,clear_reassert-0013.seq,adapter,True
development,clear_reassert-0014.seq,adapter,True
development,clear_reassert-0015.seq,adapter,True
development,clear_reassert-0018.seq,model,True
development,clear_reassert-0019.seq,adapter,True
development,clear_reassert-0022.seq,adapter,True
development,clear_reassert-0024.seq,adapter_and_model,True
development,clear_reassert-0028.seq,model,True
development,clear_reassert-0029.seq,adapter,True
development,clear_reassert-0030.seq,adapter_and_model,True
development,clear_reassert-0034.seq,model,True
development,clear_reassert-0035.seq,model,True
development,clear_reassert-0036.seq,model,True
development,clear_reassert-0041.seq,adapter,True
development,clear_reassert-0042.seq,adapter,True
development,clear_reassert-0045.seq,adapter,True
development,clear_reassert-0046.seq,model,True
development,clear_reassert-0047.seq,model,True
development,clear_reassert-0051.seq,adapter,True
development,clear_reassert-0053.seq,adapter,True
development,clear_reassert-0057.seq,adapter,True
development,clear_reassert-0058.seq,adapter,True
development,clear_reassert-0061.seq,adapter,True
development,clear_reassert-0064.seq,adapter,True
development,clear_reassert-0075.seq,adapter,True
development,clear_reassert-0076.seq,adapter,True
development,clear_reassert-0081.seq,adapter,True
development,clear_reassert-0084.seq,adapter,True
development,clear_reassert-0085.seq,adapter,True
development,clear_reassert-0087.seq,adapter,True
development,clear_reassert-0089.seq,adapter,True
development,clear_reassert-0093.seq,model,True
development,clear_reassert-0095.seq,adapter,True
development,clear_reassert-0097.seq,adapter,True
development,clear_reassert-0100.seq,model,True
development,clear_reassert-0102.seq,adapter,True
development,clear_reassert-0103.seq,adapter,True
development,clear_reassert-0105.seq,model,True
development,clear_reassert-0109.seq,adapter,True
development,clear_reassert-0113.seq,adapter,True
development,clear_reassert-0122.seq,model,True
development,clear_reassert-0123.seq,adapter,True
development,clear_reassert-0124.seq,adapter_and_model,True
development,clear_reassert-0125.seq,adapter_and_model,True
development,clear_reassert-0127.seq,adapter,True
development,clear_reassert-0129.seq,model,True
development,clear_reassert-0133.seq,adapter,True
development,clear_reassert-0134.seq,model,True
development,clear_reassert-0137.seq,adapter,True
development,clear_reassert-0138.seq,model,True
development,clear_reassert-0139.seq,adapter,True
development,clear_reassert-0140.seq,adapter,True
development,clear_reassert-0142.seq,adapter,True
development,clear_reassert-0143.seq,adapter_and_model,True
development,clear_reassert-0146.seq,adapter,True
development,clear_reassert-0149.seq,adapter,True
development,clear_reassert-0150.seq,model,True
development,clear_reassert-0153.seq,model,True
development,clear_reassert-0154.seq,adapter_and_model,True
development,clear_reassert-0158.seq,adapter,True
development,clear_reassert-0163.seq,model,True
development,clear_reassert-0165.seq,adapter,True
development,clear_reassert-0167.seq,model,True
development,clear_reassert-0168.seq,model,True
development,clear_reassert-0169.seq,adapter,True
development,clear_reassert-0173.seq,adapter,True
development,clear_reassert-0174.seq,adapter,True
development,clear_reassert-0175.seq,model,True
development,clear_reassert-0177.seq,adapter,True
development,clear_reassert-0178.seq,adapter,True
development,clear_reassert-0184.seq,adapter,True
development,clear_reassert-0185.seq,adapter,True
development,clear_reassert-0189.seq,adapter,True
development,clear_reassert-0190.seq,model,True
development,clear_reassert-0191.seq,adapter,True
development,clear_reassert-0192.seq,adapter,True
development,clear_reassert-0196.seq,adapter,True
development,clear_reassert-0198.seq,model,True
development,clear_reassert-0200.seq,adapter,True
development,clear_reassert-0201.seq,adapter,True
development,clear_reassert-0207.seq,adapter,True
development,clear_reassert-0209.seq,adapter,True
development,clear_reassert-0210.seq,adapter,True
development,clear_reassert-0217.seq,adapter,True
development,clear_reassert-0219.seq,adapter,True
development,clear_reassert-0222.seq,model,True
development,clear_reassert-0223.seq,adapter,True
development,clear_reassert-0224.seq,adapter,True
development,clear_reassert-0227.seq,adapter,True
development,clear_reassert-0229.seq,model,True
development,clear_reassert-0232.seq,model,True
development,clear_reassert-0237.seq,adapter_and_model,True
development,clear_reassert-0238.seq,model,True
development,clear_reassert-0239.seq,adapter,True
development,clear_reassert-0240.seq,model,True
development,clear_reassert-0241.seq,adapter,True
development,clear_reassert-0242.seq,adapter,True
development,clear_reassert-0245.seq,model,True
development,clear_reassert-0249.seq,adapter,True
development,clear_reassert-0250.seq,adapter,True
development,clear_reassert-0252.seq,model,True
development,clear_reassert-0253.seq,adapter_and_model,True
development,clear_reassert-0260.seq,adapter_and_model,True
development,clear_reassert-0262.seq,adapter,True
development,clear_reassert-0264.seq,adapter,True
development,clear_reassert-0270.seq,model,True
development,clear_reassert-0271.seq,adapter,True
development,clear_reassert-0272.seq,model,True
development,clear_reassert-0273.seq,adapter,True
development,clear_reassert-0275.seq,model,True
development,clear_reassert-0276.seq,adapter,True
development,clear_reassert-0278.seq,adapter_and_model,True
development,clear_reassert-0280.seq,adapter,True
development,clear_reassert-0281.seq,adapter,True
development,clear_reassert-0285.seq,adapter,True
development,clear_reassert-0287.seq,adapter,True
development,clear_reassert-0288.seq,model,True
development,clear_reassert-0292.seq,model,True
development,clear_reassert-0293.seq,model,True
development,clear_reassert-0294.seq,adapter,True
development,clear_reassert-0296.seq,adapter,True
development,clear_reassert-0298.seq,adapter,True
development,ordered-0000.seq,adapter,True
development,ordered-0001.seq,model,True
development,ordered-0003.seq,adapter,True
development,ordered-0004.seq,adapter,True
development,ordered-0012.seq,adapter,True
development,ordered-0014.seq,adapter,True
development,ordered-0018.seq,model,True
development,ordered-0023.seq,adapter,True
development,ordered-0024.seq,adapter,True
development,ordered-0025.seq,adapter,True
development,ordered-0034.seq,adapter,True
development,ordered-0035.seq,adapter,True
development,ordered-0036.seq,adapter,True
development,ordered-0039.seq,adapter,True
development,ordered-0040.seq,model,True
development,ordered-0044.seq,adapter,True
development,ordered-0052.seq,model,True
development,ordered-0064.seq,model,True
development,ordered-0065.seq,model,True
development,ordered-0067.seq,adapter,True
development,ordered-0068.seq,adapter,True
development,ordered-0070.seq,adapter,True
development,ordered-0071.seq,adapter,True
development,ordered-0072.seq,adapter,True
development,ordered-0074.seq,adapter,True
development,ordered-0075.seq,adapter,True
development,ordered-0079.seq,adapter,True
development,ordered-0080.seq,adapter,True
development,ordered-0082.seq,adapter,True
development,ordered-0085.seq,adapter,True
development,ordered-0086.seq,adapter,True
development,ordered-0087.seq,adapter,True
development,ordered-0089.seq,adapter,True
development,ordered-0091.seq,adapter,True
development,ordered-0093.seq,adapter,True
development,ordered-0095.seq,adapter,True
development,ordered-0098.seq,model,True
development,ordered-0099.seq,adapter,True
development,ordered-0100.seq,model,True
development,ordered-0101.seq,adapter,True
development,ordered-0104.seq,adapter_and_model,True
development,ordered-0105.seq,model,True
development,ordered-0107.seq,adapter,True
development,ordered-0110.seq,adapter,True
development,ordered-0113.seq,adapter,True
development,ordered-0114.seq,model,True
development,ordered-0118.seq,model,True
development,ordered-0119.seq,adapter,True
development,ordered-0124.seq,model,True
development,ordered-0130.seq,adapter,True
development,ordered-0134.seq,adapter_and_model,True
development,ordered-0135.seq,adapter,True
development,ordered-0139.seq,adapter_and_model,True
development,ordered-0146.seq,adapter,True
development,ordered-0148.seq,adapter,True
development,ordered-0160.seq,adapter,True
development,ordered-0163.seq,adapter,True
development,ordered-0164.seq,model,True
development,ordered-0165.seq,model,True
development,ordered-0169.seq,adapter,True
development,ordered-0174.seq,adapter,True
development,ordered-0175.seq,model,True
development,ordered-0176.seq,adapter,True
development,ordered-0185.seq,adapter,True
development,ordered-0186.seq,adapter,True
development,ordered-0187.seq,adapter,True
development,ordered-0189.seq,adapter_and_model,True
development,ordered-0192.seq,adapter,True
development,ordered-0193.seq,adapter,True
development,ordered-0194.seq,adapter,True
development,ordered-0196.seq,adapter,True
development,ordered-0199.seq,adapter,True
development,ordered-0200.seq,adapter,True
development,ordered-0202.seq,adapter,True
development,ordered-0203.seq,adapter,True
development,ordered-0204.seq,adapter,True
development,ordered-0207.seq,adapter,True
development,ordered-0211.seq,adapter,True
development,ordered-0212.seq,model,True
development,ordered-0217.seq,adapter,True
development,ordered-0220.seq,adapter,True
development,ordered-0222.seq,adapter,True
development,ordered-0228.seq,adapter,True
development,ordered-0229.seq,adapter,True
development,ordered-0234.seq,adapter,True
development,ordered-0235.seq,adapter,True
development,ordered-0237.seq,adapter,True
development,ordered-0238.seq,adapter,True
development,ordered-0239.seq,adapter,True
development,ordered-0241.seq,adapter,True
development,ordered-0243.seq,adapter,True
development,ordered-0245.seq,adapter,True
development,ordered-0247.seq,adapter,True
development,ordered-0249.seq,model,True
development,ordered-0250.seq,adapter,True
development,ordered-0257.seq,adapter,True
development,ordered-0259.seq,adapter,True
development,ordered-0261.seq,model,True
development,ordered-0264.seq,adapter_and_model,True
development,ordered-0265.seq,adapter_and_model,True
development,ordered-0268.seq,model,True
development,ordered-0271.seq,adapter,True
development,ordered-0275.seq,model,True
development,ordered-0277.seq,model,True
development,ordered-0280.seq,model,True
development,ordered-0281.seq,adapter,True
development,ordered-0283.seq,model,True
development,ordered-0284.seq,model,True
development,ordered-0285.seq,model,True
development,ordered-0290.seq,adapter,True
development,ordered-0292.seq,model,True
development,ordered-0295.seq,adapter,True
development,ordered-0297.seq,model,True
development,ordered-0298.seq,model,True
development,ordered-0299.seq,adapter,True
development,simultaneous-0001.seq,adapter,True
development,simultaneous-0003.seq,adapter,True
development,simultaneous-0005.seq,model,True
development,simultaneous-0008.seq,adapter,True
development,simultaneous-0010.seq,adapter,True
development,simultaneous-0015.seq,adapter,True
development,simultaneous-0016.seq,adapter,True
development,simultaneous-0022.seq,adapter,True
development,simultaneous-0027.seq,adapter,True
development,simultaneous-0029.seq,model,True
development,simultaneous-0030.seq,adapter,True
development,simultaneous-0036.seq,adapter,True
development,simultaneous-0039.seq,adapter,True
development,simultaneous-0043.seq,adapter,True
development,simultaneous-0053.seq,model,True
development,simultaneous-0054.seq,adapter,True
development,simultaneous-0060.seq,adapter,True
development,simultaneous-0070.seq,model,True
development,simultaneous-0077.seq,model,True
development,simultaneous-0079.seq,adapter,True
development,simultaneous-0081.seq,adapter_and_model,True
development,simultaneous-0084.seq,adapter_and_model,True
development,simultaneous-0088.seq,model,True
development,simultaneous-0094.seq,adapter,True
development,simultaneous-0099.seq,adapter,True
development,simultaneous-0100.seq,adapter,True
development,simultaneous-0101.seq,model,True
development,simultaneous-0104.seq,model,True
development,simultaneous-0105.seq,model,True
development,simultaneous-0108.seq,model,True
development,simultaneous-0110.seq,model,True
development,simultaneous-0114.seq,adapter,True
development,simultaneous-0121.seq,adapter,True
development,simultaneous-0122.seq,adapter,True
development,simultaneous-0123.seq,adapter,True
development,simultaneous-0124.seq,adapter,True
development,simultaneous-0129.seq,adapter,True
development,simultaneous-0135.seq,adapter,True
development,simultaneous-0139.seq,model,True
development,simultaneous-0143.seq,adapter,True
development,simultaneous-0161.seq,adapter,True
development,simultaneous-0165.seq,adapter,True
development,simultaneous-0166.seq,adapter_and_model,True
development,simultaneous-0167.seq,model,True
development,simultaneous-0171.seq,adapter,True
development,simultaneous-0176.seq,adapter,True
development,simultaneous-0183.seq,model,True
development,simultaneous-0186.seq,adapter,True
development,simultaneous-0187.seq,model,True
development,simultaneous-0190.seq,adapter,True
development,simultaneous-0194.seq,adapter_and_model,True
development,simultaneous-0198.seq,model,True
development,simultaneous-0202.seq,model,True
development,simultaneous-0209.seq,model,True
development,simultaneous-0223.seq,adapter,True
development,simultaneous-0225.seq,model,True
development,simultaneous-0228.seq,adapter,True
development,simultaneous-0233.seq,adapter_and_model,True
development,simultaneous-0237.seq,adapter_and_model,True
development,simultaneous-0239.seq,adapter_and_model,True
development,simultaneous-0244.seq,adapter,True
development,simultaneous-0247.seq,model,True
development,simultaneous-0250.seq,model,True
development,simultaneous-0252.seq,adapter,True
development,simultaneous-0256.seq,adapter,True
development,simultaneous-0259.seq,adapter_and_model,True
development,simultaneous-0261.seq,adapter,True
development,simultaneous-0267.seq,adapter_and_model,True
development,simultaneous-0271.seq,model,True
development,simultaneous-0273.seq,model,True
development,simultaneous-0277.seq,adapter,True
development,simultaneous-0280.seq,adapter,True
development,simultaneous-0285.seq,adapter,True
development,simultaneous-0290.seq,adapter,True
development,simultaneous-0291.seq,adapter,True
development,simultaneous-0292.seq,adapter,True
development,timer-0000.seq,adapter_and_model,True
development,timer-0012.seq,model,True
development,timer-0015.seq,adapter,True
development,timer-0016.seq,model,True
development,timer-0018.seq,adapter,True
development,timer-0019.seq,adapter,True
development,timer-0020.seq,adapter,True
development,timer-0029.seq,model,True
development,timer-0030.seq,adapter,True
development,timer-0031.seq,adapter,True
development,timer-0032.seq,adapter,True
development,timer-0035.seq,model,True
development,timer-0038.seq,adapter,True
development,timer-0040.seq,adapter,True
development,timer-0043.seq,adapter,True
development,timer-0045.seq,model,True
development,timer-0052.seq,adapter,True
development,timer-0057.seq,model,True
development,timer-0059.seq,adapter,True
development,timer-0064.seq,adapter,True
development,timer-0072.seq,adapter,True
development,timer-0073.seq,adapter,True
development,timer-0076.seq,adapter_and_model,True
development,timer-0082.seq,adapter,True
development,timer-0083.seq,model,True
development,timer-0086.seq,model,True
development,timer-0089.seq,adapter,True
development,timer-0092.seq,adapter,True
development,timer-0097.seq,adapter,True
development,timer-0100.seq,adapter,True
development,timer-0101.seq,adapter,True
development,timer-0103.seq,adapter,True
development,timer-0112.seq,adapter,True
development,timer-0113.seq,adapter,True
development,timer-0114.seq,adapter,True
development,timer-0115.seq,adapter,True
development,timer-0116.seq,adapter,True
development,timer-0117.seq,model,True
development,timer-0118.seq,adapter,True
development,timer-0126.seq,adapter,True
development,timer-0127.seq,adapter,True
development,timer-0130.seq,adapter,True
development,timer-0136.seq,adapter,True
development,timer-0139.seq,adapter_and_model,True
development,timer-0142.seq,adapter,True
development,timer-0143.seq,adapter,True
development,timer-0144.seq,model,True
development,timer-0146.seq,adapter,True
development,timer-0149.seq,model,True
development,timer-0151.seq,model,True
development,timer-0152.seq,model,True
development,timer-0155.seq,adapter,True
development,timer-0159.seq,model,True
development,timer-0166.seq,adapter,True
development,timer-0167.seq,adapter,True
development,timer-0169.seq,model,True
development,timer-0170.seq,model,True
development,timer-0171.seq,adapter,True
development,timer-0173.seq,adapter_and_model,True
development,timer-0177.seq,adapter,True
development,timer-0179.seq,model,True
development,timer-0180.seq,adapter_and_model,True
development,timer-0192.seq,adapter,True
development,timer-0193.seq,adapter,True
development,timer-0194.seq,adapter,True
development,timer-0195.seq,adapter,True
development,timer-0196.seq,adapter,True
development,timer-0198.seq,adapter,True
development,timer-0201.seq,adapter,True
development,timer-0207.seq,adapter,True
development,timer-0210.seq,adapter,True
development,timer-0211.seq,model,True
development,timer-0212.seq,adapter,True
development,timer-0220.seq,adapter,True
development,timer-0221.seq,adapter,True
development,timer-0228.seq,adapter,True
development,timer-0238.seq,adapter,True
development,timer-0242.seq,adapter,True
development,timer-0243.seq,adapter,True
development,timer-0244.seq,adapter,True
development,timer-0249.seq,model,True
development,timer-0252.seq,adapter,True
development,timer-0253.seq,adapter,True
development,timer-0261.seq,adapter,True
development,timer-0264.seq,model,True
development,timer-0274.seq,adapter,True
development,timer-0280.seq,adapter,True
development,timer-0282.seq,model,True
development,timer-0283.seq,adapter,True
development,timer-0284.seq,adapter_and_model,True
development,timer-0286.seq,adapter,True
development,timer-0287.seq,adapter_and_model,True
development,timer-0290.seq,adapter,True
development,timer-0292.seq,model,True
development,timer-0294.seq,model,True
